file,category,precision,recall,f1,pa_precision,pa_recall,pa_f1,n_windows,n_timesteps,threshold,train_s,score_s
artificialWithAnomaly/art_daily_flatmiddle.csv,artificialWithAnomaly,0.14285714285714285,0.02481389578163772,0.042283298097251586,0.8704103671706264,1.0,0.930715935334873,1,4032,3.5,17.772380113601685,2.191378355026245
artificialWithAnomaly/art_daily_jumpsdown.csv,artificialWithAnomaly,0.0380952380952381,0.009925558312655087,0.015748031496062995,0.7996031746031746,1.0,0.8886438809261301,1,4032,2.0,21.976232767105103,2.777480125427246
artificialWithAnomaly/art_daily_jumpsup.csv,artificialWithAnomaly,0.9732142857142857,0.2704714640198511,0.42330097087378643,0.9926108374384236,1.0,0.996291718170581,1,4032,2.5,23.728678941726685,2.180591106414795
artificialWithAnomaly/art_daily_nojump.csv,artificialWithAnomaly,0.03932584269662921,0.017369727047146403,0.024096385542168676,0.7020905923344948,1.0,0.8249744114636642,1,4032,2.0,22.31075882911682,2.268270492553711
artificialWithAnomaly/art_increase_spike_density.csv,artificialWithAnomaly,0.4166666666666667,0.01240694789081886,0.024096385542168676,0.9829268292682927,1.0,0.991389913899139,1,4032,3.5,25.800443410873413,2.4899652004241943
artificialWithAnomaly/art_load_balancer_spikes.csv,artificialWithAnomaly,0.8879310344827587,0.2555831265508685,0.39691714836223513,0.96875,1.0,0.9841269841269841,1,4032,3.5,23.384243965148926,2.192782402038574
realAWSCloudwatch/ec2_cpu_utilization_24ae8d.csv,realAWSCloudwatch,0.21348314606741572,0.0472636815920398,0.07739307535641549,0.8516949152542372,1.0,0.9199084668192219,2,4032,3.5,24.533056020736694,2.358116388320923
realAWSCloudwatch/ec2_cpu_utilization_53ea38.csv,realAWSCloudwatch,0.6341463414634146,0.06467661691542288,0.11738148984198646,0.9640287769784173,1.0,0.9816849816849816,2,4032,3.5,25.52792477607727,2.2528491020202637
realAWSCloudwatch/ec2_cpu_utilization_5f5533.csv,realAWSCloudwatch,0.2463768115942029,0.04228855721393035,0.07218683651804671,0.8854625550660793,1.0,0.9392523364485982,2,4032,3.5,22.39908194541931,2.165827512741089
realAWSCloudwatch/ec2_cpu_utilization_77c1ca.csv,realAWSCloudwatch,0.16535433070866143,0.052109181141439205,0.07924528301886792,0.7917485265225933,1.0,0.8837719298245614,1,4032,3.5,23.685763597488403,2.220341205596924
realAWSCloudwatch/ec2_cpu_utilization_825cc2.csv,realAWSCloudwatch,0.7727272727272727,0.29737609329446063,0.4294736842105263,0.9195710455764075,1.0,0.9581005586592178,1,4032,3.5,24.180946588516235,2.4491004943847656
realAWSCloudwatch/ec2_cpu_utilization_ac20cd.csv,realAWSCloudwatch,0.0,0.0,0.0,0.0,0.0,0.0,1,4032,2.0,24.381436347961426,2.3965346813201904
realAWSCloudwatch/ec2_cpu_utilization_fe7f93.csv,realAWSCloudwatch,0.5352112676056338,0.09382716049382717,0.15966386554621848,0.8910891089108911,0.6666666666666666,0.7627118644067796,3,4032,3.5,24.883710622787476,2.4870150089263916
realAWSCloudwatch/ec2_disk_write_bytes_1ef3de.csv,realAWSCloudwatch,1.0,0.03171247357293869,0.06147540983606557,1.0,1.0,1.0,1,4730,1.0,20.00888180732727,2.7288942337036133
realAWSCloudwatch/ec2_disk_write_bytes_c0d644.csv,realAWSCloudwatch,0.0,0.0,0.0,0.0,0.0,0.0,3,4032,2.0,16.750107288360596,2.4628329277038574
realAWSCloudwatch/ec2_network_in_257a54.csv,realAWSCloudwatch,0.5789473684210527,0.02729528535980149,0.052132701421800945,0.9805352798053528,1.0,0.9901719901719902,1,4032,3.0,26.295544862747192,2.454355239868164
realAWSCloudwatch/ec2_network_in_5abac7.csv,realAWSCloudwatch,0.5641025641025641,0.046413502109704644,0.08576998050682262,0.9653767820773931,1.0,0.9823834196891191,2,4730,3.5,27.88951873779297,3.1043779850006104
realAWSCloudwatch/elb_request_count_8c0756.csv,realAWSCloudwatch,0.46875,0.03731343283582089,0.06912442396313363,0.9594272076372315,1.0,0.979293544457978,2,4032,3.5,23.576832056045532,2.1622860431671143
realAWSCloudwatch/grok_asg_anomaly.csv,realAWSCloudwatch,0.08891454965357967,0.16559139784946236,0.11570247933884298,0.1641949152542373,0.3333333333333333,0.22001419446415899,3,4621,3.0,26.5299174785614,2.6853229999542236
realAWSCloudwatch/iio_us-east-1_i-a2eb1cd9_NetworkIn.csv,realAWSCloudwatch,0.1016949152542373,1.0,0.18461538461538463,0.1016949152542373,1.0,0.18461538461538463,2,1243,2.5,7.8091795444488525,0.7057375907897949
realAWSCloudwatch/rds_cpu_utilization_cc0c53.csv,realAWSCloudwatch,0.31645569620253167,0.746268656716418,0.4444444444444445,0.38285714285714284,1.0,0.5537190082644629,2,4032,3.5,23.18182134628296,2.1778457164764404
realAWSCloudwatch/rds_cpu_utilization_e47b3b.csv,realAWSCloudwatch,0.75,0.014925373134328358,0.029268292682926828,0.9901477832512315,0.5,0.6644628099173554,2,4032,3.5,24.20378565788269,2.198643445968628
realAdExchange/exchange-2_cpc_results.csv,realAdExchange,0.0,0.0,0.0,0.0,0.0,0.0,1,1624,2.0,7.307413578033447,0.85955810546875
realAdExchange/exchange-2_cpm_results.csv,realAdExchange,0.2222222222222222,0.037037037037037035,0.06349206349206349,0.7941176470588235,0.5,0.6136363636363636,2,1624,1.0,7.756951093673706,0.9706182479858398
realAdExchange/exchange-3_cpc_results.csv,realAdExchange,0.2054794520547945,0.09803921568627451,0.1327433628318584,0.6375,0.6666666666666666,0.6517571884984025,3,1538,3.5,7.808417320251465,0.9336049556732178
realAdExchange/exchange-3_cpm_results.csv,realAdExchange,0.0,0.0,0.0,0.0,0.0,0.0,1,1538,2.0,7.273241758346558,0.8998312950134277
realAdExchange/exchange-4_cpc_results.csv,realAdExchange,0.16666666666666666,0.006060606060606061,0.011695906432748537,0.9166666666666666,0.3333333333333333,0.4888888888888888,3,1643,1.0,7.238834619522095,0.9661955833435059
realAdExchange/exchange-4_cpm_results.csv,realAdExchange,0.02601156069364162,0.054878048780487805,0.03529411764705882,0.3273453093812375,1.0,0.4932330827067669,4,1643,2.0,7.872426271438599,0.963862419128418
realKnownCause/ambient_temperature_system_failure.csv,realKnownCause,0.6428571428571429,0.0371900826446281,0.0703125,0.9603174603174603,0.5,0.6576086956521738,2,7267,3.5,35.44872212409973,4.1630589962005615
realKnownCause/cpu_utilization_asg_misconfiguration.csv,realKnownCause,0.7301587301587301,0.12274849899933289,0.21016561964591662,0.9566049776643267,1.0,0.9778212654924983,1,18050,3.5,123.61366677284241,10.912484407424927
realKnownCause/ec2_request_latency_system_failure.csv,realKnownCause,0.36,0.05202312138728324,0.09090909090909091,0.9153439153439153,1.0,0.9558011049723757,3,4032,3.5,16.575016021728516,2.392549753189087
realKnownCause/machine_temperature_system_failure.csv,realKnownCause,0.466436327739388,0.4166666666666667,0.44014904517932,0.6772170797252911,1.0,0.8075485134413388,4,22695,1.5,94.31984519958496,14.243640184402466
realKnownCause/nyc_taxi.csv,realKnownCause,0.25742574257425743,0.050241545893719805,0.08407437348423605,0.8734177215189873,1.0,0.9324324324324325,5,10320,3.0,43.42114496231079,5.689384698867798
realKnownCause/rogue_agent_key_hold.csv,realKnownCause,1.0,0.03684210526315789,0.07106598984771574,1.0,0.5,0.6666666666666666,2,1882,2.0,10.072060346603394,1.0849347114562988
realKnownCause/rogue_agent_key_updown.csv,realKnownCause,0.11,0.020754716981132074,0.034920634920634915,0.8562197092084006,1.0,0.9225413402959094,2,5315,3.5,32.48090124130249,2.994523048400879
realTraffic/TravelTime_387.csv,realTraffic,0.19230769230769232,0.08032128514056225,0.113314447592068,0.7477477477477478,1.0,0.8556701030927836,3,2500,2.5,11.057951211929321,1.5105137825012207
realTraffic/TravelTime_451.csv,realTraffic,0.20994475138121546,0.17511520737327188,0.19095477386934673,0.6027777777777777,1.0,0.752166377816291,1,2162,3.5,10.816432237625122,1.2890660762786865
realTraffic/occupancy_6005.csv,realTraffic,0.19607843137254902,0.04184100418410042,0.06896551724137931,0.8535714285714285,1.0,0.9210019267822736,1,2380,3.5,11.380829095840454,1.5941226482391357
realTraffic/occupancy_t4013.csv,realTraffic,0.8571428571428571,0.048,0.09090909090909091,0.9920634920634921,1.0,0.9960159362549801,2,2500,2.5,12.225143671035767,1.484506607055664
realTraffic/speed_6005.csv,realTraffic,0.28205128205128205,0.04602510460251046,0.07913669064748201,0.8951310861423221,1.0,0.9446640316205533,1,2500,3.5,10.379294157028198,1.4503800868988037
realTraffic/speed_7578.csv,realTraffic,0.9,0.07758620689655173,0.14285714285714285,0.9886363636363636,0.75,0.8529411764705882,4,1127,1.0,7.916074991226196,0.7049238681793213
realTraffic/speed_t4013.csv,realTraffic,0.3548387096774194,0.088,0.14102564102564102,0.8620689655172413,1.0,0.9259259259259259,2,2495,3.5,12.341094017028809,1.594465970993042
realTweets/Twitter_volume_AAPL.csv,realTweets,0.5432692307692307,0.14231738035264482,0.22554890219560875,0.8931383577052868,1.0,0.9435531788472965,4,15902,3.5,70.10013890266418,10.438777446746826
realTweets/Twitter_volume_AMZN.csv,realTweets,0.4780701754385965,0.0689873417721519,0.12057522123893807,0.9299587992937022,1.0,0.9637084476974688,4,15831,3.5,81.30090808868408,10.732414484024048
realTweets/Twitter_volume_CRM.csv,realTweets,0.6151202749140894,0.11236660389202763,0.1900212314225053,0.9343108504398827,1.0,0.9660400242571255,3,15902,3.5,76.16701483726501,9.944175720214844
realTweets/Twitter_volume_CVS.csv,realTweets,0.33640552995391704,0.04783748361730013,0.08376362593230062,0.9137724550898204,1.0,0.9549436795994994,3,15853,3.5,109.04180884361267,8.893502950668335
realTweets/Twitter_volume_FB.csv,realTweets,0.11011904761904762,0.02338811630847029,0.03858185610010428,0.8410419989367358,1.0,0.9136586774473001,2,15833,3.5,65.03900265693665,9.387221097946167
realTweets/Twitter_volume_GOOG.csv,realTweets,0.4423676012461059,0.09916201117318436,0.16200798630918425,0.8525535420098846,0.7227653631284916,0.7823129251700681,3,15842,3.5,71.89378118515015,10.380797863006592
realTweets/Twitter_volume_IBM.csv,realTweets,0.26506024096385544,0.055345911949685536,0.09157127991675339,0.8669574700109052,1.0,0.9287383177570094,2,15893,3.5,69.89136481285095,9.842945575714111
realTweets/Twitter_volume_KO.csv,realTweets,0.30656934306569344,0.052930056710775046,0.09027404621171412,0.8930782217220034,1.0,0.9435196195005945,3,15851,3.5,72.77384281158447,19.705706357955933
realTweets/Twitter_volume_PFE.csv,realTweets,0.27956989247311825,0.0491183879093199,0.08355650776647028,0.8876467300167692,1.0,0.9404797157240155,4,15858,3.5,224.14906406402588,21.343592166900635
realTweets/Twitter_volume_UPS.csv,realTweets,0.2359882005899705,0.050473186119873815,0.08316008316008315,0.8595444685466378,1.0,0.9244677748614757,5,15866,3.5,139.1119191646576,20.480971574783325
