timestamp,value
2014-10-04 00:00:00,23316
2014-10-04 00:30:00,22311
2014-10-04 01:00:00,20470
2014-10-04 01:30:00,18629
2014-10-04 02:00:00,17120
2014-10-04 02:30:00,15544
2014-10-04 03:00:00,14012
2014-10-04 03:30:00,11425
2014-10-04 04:00:00,9541
2014-10-04 04:30:00,5912
2014-10-04 05:00:00,3832
2014-10-04 05:30:00,3230
2014-10-04 06:00:00,3425
2014-10-04 06:30:00,4159
2014-10-04 07:00:00,4720
2014-10-04 07:30:00,5848
2014-10-04 08:00:00,6901
2014-10-04 08:30:00,9611
2014-10-04 09:00:00,11626
2014-10-04 09:30:00,14814
2014-10-04 10:00:00,16839
2014-10-04 10:30:00,18245
2014-10-04 11:00:00,18230
2014-10-04 11:30:00,18322
2014-10-04 12:00:00,18541
2014-10-04 12:30:00,18062
2014-10-04 13:00:00,18008
2014-10-04 13:30:00,18784
2014-10-04 14:00:00,17708
2014-10-04 14:30:00,17998
2014-10-04 15:00:00,18033
2014-10-04 15:30:00,17851
2014-10-04 16:00:00,17046
2014-10-04 16:30:00,17241
2014-10-04 17:00:00,19295
2014-10-04 17:30:00,21740
2014-10-04 18:00:00,22729
2014-10-04 18:30:00,23854
2014-10-04 19:00:00,25857
2014-10-04 19:30:00,26490
2014-10-04 20:00:00,24115
2014-10-04 20:30:00,23384
2014-10-04 21:00:00,23515
2014-10-04 21:30:00,24476
2014-10-04 22:00:00,24455
2014-10-04 22:30:00,25474
2014-10-04 23:00:00,25811
2014-10-04 23:30:00,25847
2014-10-05 00:00:00,25224
2014-10-05 00:30:00,23248
2014-10-05 01:00:00,22772
2014-10-05 01:30:00,20671
2014-10-05 02:00:00,19208
2014-10-05 02:30:00,17300
2014-10-05 03:00:00,15260
2014-10-05 03:30:00,12970
2014-10-05 04:00:00,11168
2014-10-05 04:30:00,6678
2014-10-05 05:00:00,4321
2014-10-05 05:30:00,3259
2014-10-05 06:00:00,3277
2014-10-05 06:30:00,4072
2014-10-05 07:00:00,4566
2014-10-05 07:30:00,5973
2014-10-05 08:00:00,7209
2014-10-05 08:30:00,8999
2014-10-05 09:00:00,10669
2014-10-05 09:30:00,12678
2014-10-05 10:00:00,14511
2014-10-05 10:30:00,16953
2014-10-05 11:00:00,17817
2014-10-05 11:30:00,18894
2014-10-05 12:00:00,18505
2014-10-05 12:30:00,19227
2014-10-05 13:00:00,18361
2014-10-05 13:30:00,18014
2014-10-05 14:00:00,17486
2014-10-05 14:30:00,17816
2014-10-05 15:00:00,17364
2014-10-05 15:30:00,16871
2014-10-05 16:00:00,15497
2014-10-05 16:30:00,15185
2014-10-05 17:00:00,16114
2014-10-05 17:30:00,18312
2014-10-05 18:00:00,19793
2014-10-05 18:30:00,19706
2014-10-05 19:00:00,20198
2014-10-05 19:30:00,19790
2014-10-05 20:00:00,18192
2014-10-05 20:30:00,17701
2014-10-05 21:00:00,16484
2014-10-05 21:30:00,16626
2014-10-05 22:00:00,14889
2014-10-05 22:30:00,14114
2014-10-05 23:00:00,11870
2014-10-05 23:30:00,10041
2014-10-06 00:00:00,7997
2014-10-06 00:30:00,5689
2014-10-06 01:00:00,4351
2014-10-06 01:30:00,3348
2014-10-06 02:00:00,2809
2014-10-06 02:30:00,2193
2014-10-06 03:00:00,1752
2014-10-06 03:30:00,1731
2014-10-06 04:00:00,1994
2014-10-06 04:30:00,2178
2014-10-06 05:00:00,2787
2014-10-06 05:30:00,4578
2014-10-06 06:00:00,6816
2014-10-06 06:30:00,11243
2014-10-06 07:00:00,14265
2014-10-06 07:30:00,17395
2014-10-06 08:00:00,18327
2014-10-06 08:30:00,17729
2014-10-06 09:00:00,17870
2014-10-06 09:30:00,16982
2014-10-06 10:00:00,15335
2014-10-06 10:30:00,15998
2014-10-06 11:00:00,15414
2014-10-06 11:30:00,16233
2014-10-06 12:00:00,16499
2014-10-06 12:30:00,16380
2014-10-06 13:00:00,15414
2014-10-06 13:30:00,16720
2014-10-06 14:00:00,17137
2014-10-06 14:30:00,18046
2014-10-06 15:00:00,18110
2014-10-06 15:30:00,17087
2014-10-06 16:00:00,15794
2014-10-06 16:30:00,15965
2014-10-06 17:00:00,18732
2014-10-06 17:30:00,21107
2014-10-06 18:00:00,23450
2014-10-06 18:30:00,24200
2014-10-06 19:00:00,24518
2014-10-06 19:30:00,23704
2014-10-06 20:00:00,22112
2014-10-06 20:30:00,20986
2014-10-06 21:00:00,21032
2014-10-06 21:30:00,19963
2014-10-06 22:00:00,18986
2014-10-06 22:30:00,17125
2014-10-06 23:00:00,15528
2014-10-06 23:30:00,11610
2014-10-07 00:00:00,9469
2014-10-07 00:30:00,6605
2014-10-07 01:00:00,5283
2014-10-07 01:30:00,4152
2014-10-07 02:00:00,3319
2014-10-07 02:30:00,2432
2014-10-07 03:00:00,1968
2014-10-07 03:30:00,1769
2014-10-07 04:00:00,2018
2014-10-07 04:30:00,1933
2014-10-07 05:00:00,2240
2014-10-07 05:30:00,4305
2014-10-07 06:00:00,6719
2014-10-07 06:30:00,11392
2014-10-07 07:00:00,14960
2014-10-07 07:30:00,18975
2014-10-07 08:00:00,19602
2014-10-07 08:30:00,19572
2014-10-07 09:00:00,18772
2014-10-07 09:30:00,17757
2014-10-07 10:00:00,16706
2014-10-07 10:30:00,16601
2014-10-07 11:00:00,15673
2014-10-07 11:30:00,16929
2014-10-07 12:00:00,17435
2014-10-07 12:30:00,16953
2014-10-07 13:00:00,16417
2014-10-07 13:30:00,17022
2014-10-07 14:00:00,17540
2014-10-07 14:30:00,18417
2014-10-07 15:00:00,18698
2014-10-07 15:30:00,16193
2014-10-07 16:00:00,14544
2014-10-07 16:30:00,13864
2014-10-07 17:00:00,17041
2014-10-07 17:30:00,20434
2014-10-07 18:00:00,23029
2014-10-07 18:30:00,23711
2014-10-07 19:00:00,24817
2014-10-07 19:30:00,24933
2014-10-07 20:00:00,24002
2014-10-07 20:30:00,23651
2014-10-07 21:00:00,23764
2014-10-07 21:30:00,23224
2014-10-07 22:00:00,22020
2014-10-07 22:30:00,22214
2014-10-07 23:00:00,21446
2014-10-07 23:30:00,15974
2014-10-08 00:00:00,12484
2014-10-08 00:30:00,9130
2014-10-08 01:00:00,6693
2014-10-08 01:30:00,5333
2014-10-08 02:00:00,3820
2014-10-08 02:30:00,3065
2014-10-08 03:00:00,2511
2014-10-08 03:30:00,2299
2014-10-08 04:00:00,2318
2014-10-08 04:30:00,2125
2014-10-08 05:00:00,2484
2014-10-08 05:30:00,4358
2014-10-08 06:00:00,6790
2014-10-08 06:30:00,11660
2014-10-08 07:00:00,15780
2014-10-08 07:30:00,19516
2014-10-08 08:00:00,20307
2014-10-08 08:30:00,19954
2014-10-08 09:00:00,18254
2014-10-08 09:30:00,18010
2014-10-08 10:00:00,17206
2014-10-08 10:30:00,17213
2014-10-08 11:00:00,16691
2014-10-08 11:30:00,18259
2014-10-08 12:00:00,18151
2014-10-08 12:30:00,17555
2014-10-08 13:00:00,16944
2014-10-08 13:30:00,17728
2014-10-08 14:00:00,18074
2014-10-08 14:30:00,18993
2014-10-08 15:00:00,18695
2014-10-08 15:30:00,17191
2014-10-08 16:00:00,15023
2014-10-08 16:30:00,14164
2014-10-08 17:00:00,17004
2014-10-08 17:30:00,20361
2014-10-08 18:00:00,23633
2014-10-08 18:30:00,24661
2014-10-08 19:00:00,25754
2014-10-08 19:30:00,25671
2014-10-08 20:00:00,25156
2014-10-08 20:30:00,24961
2014-10-08 21:00:00,24938
2014-10-08 21:30:00,24851
2014-10-08 22:00:00,24683
2014-10-08 22:30:00,23411
2014-10-08 23:00:00,20599
2014-10-08 23:30:00,17147
2014-10-09 00:00:00,13602
2014-10-09 00:30:00,10452
2014-10-09 01:00:00,7836
2014-10-09 01:30:00,6040
2014-10-09 02:00:00,4981
2014-10-09 02:30:00,3613
2014-10-09 03:00:00,2923
2014-10-09 03:30:00,2632
2014-10-09 04:00:00,2912
2014-10-09 04:30:00,2577
2014-10-09 05:00:00,2921
2014-10-09 05:30:00,4679
2014-10-09 06:00:00,6693
2014-10-09 06:30:00,12140
2014-10-09 07:00:00,15534
2014-10-09 07:30:00,19974
2014-10-09 08:00:00,20533
2014-10-09 08:30:00,19988
2014-10-09 09:00:00,19239
2014-10-09 09:30:00,18788
2014-10-09 10:00:00,17934
2014-10-09 10:30:00,18048
2014-10-09 11:00:00,17415
2014-10-09 11:30:00,18292
2014-10-09 12:00:00,18506
2014-10-09 12:30:00,18180
2014-10-09 13:00:00,17401
2014-10-09 13:30:00,18973
2014-10-09 14:00:00,19361
2014-10-09 14:30:00,19722
2014-10-09 15:00:00,19572
2014-10-09 15:30:00,17500
2014-10-09 16:00:00,15213
2014-10-09 16:30:00,14457
2014-10-09 17:00:00,17736
2014-10-09 17:30:00,21319
2014-10-09 18:00:00,23270
2014-10-09 18:30:00,24892
2014-10-09 19:00:00,26555
2014-10-09 19:30:00,26743
2014-10-09 20:00:00,26376
2014-10-09 20:30:00,26311
2014-10-09 21:00:00,26179
2014-10-09 21:30:00,26774
2014-10-09 22:00:00,26449
2014-10-09 22:30:00,25459
2014-10-09 23:00:00,23927
2014-10-09 23:30:00,21851
2014-10-10 00:00:00,18756
2014-10-10 00:30:00,14990
2014-10-10 01:00:00,13865
2014-10-10 01:30:00,10263
2014-10-10 02:00:00,7873
2014-10-10 02:30:00,6480
2014-10-10 03:00:00,5094
2014-10-10 03:30:00,4217
2014-10-10 04:00:00,4289
2014-10-10 04:30:00,3640
2014-10-10 05:00:00,3376
2014-10-10 05:30:00,5145
2014-10-10 06:00:00,7144
2014-10-10 06:30:00,11739
2014-10-10 07:00:00,15197
2014-10-10 07:30:00,19716
2014-10-10 08:00:00,20851
2014-10-10 08:30:00,20463
2014-10-10 09:00:00,19658
2014-10-10 09:30:00,19287
2014-10-10 10:00:00,17986
2014-10-10 10:30:00,17776
2014-10-10 11:00:00,17735
2014-10-10 11:30:00,18716
2014-10-10 12:00:00,19032
2014-10-10 12:30:00,17702
2014-10-10 13:00:00,17023
2014-10-10 13:30:00,18352
2014-10-10 14:00:00,19791
2014-10-10 14:30:00,20131
2014-10-10 15:00:00,18645
2014-10-10 15:30:00,16572
2014-10-10 16:00:00,14736
2014-10-10 16:30:00,13731
2014-10-10 17:00:00,17166
2014-10-10 17:30:00,20392
2014-10-10 18:00:00,22838
2014-10-10 18:30:00,23791
2014-10-10 19:00:00,25914
2014-10-10 19:30:00,26355
2014-10-10 20:00:00,25656
2014-10-10 20:30:00,25449
2014-10-10 21:00:00,25448
2014-10-10 21:30:00,25823
2014-10-10 22:00:00,25813
2014-10-10 22:30:00,26407
2014-10-10 23:00:00,26898
2014-10-10 23:30:00,26587
2014-10-11 00:00:00,25257
2014-10-11 00:30:00,23717
2014-10-11 01:00:00,22541
2014-10-11 01:30:00,19773
2014-10-11 02:00:00,19652
2014-10-11 02:30:00,16294
2014-10-11 03:00:00,13968
2014-10-11 03:30:00,12000
2014-10-11 04:00:00,10432
2014-10-11 04:30:00,6402
2014-10-11 05:00:00,4443
2014-10-11 05:30:00,3481
2014-10-11 06:00:00,3971
2014-10-11 06:30:00,5191
2014-10-11 07:00:00,6434
2014-10-11 07:30:00,8435
2014-10-11 08:00:00,10255
2014-10-11 08:30:00,13847
2014-10-11 09:00:00,14970
2014-10-11 09:30:00,18403
2014-10-11 10:00:00,19338
2014-10-11 10:30:00,21107
2014-10-11 11:00:00,20821
2014-10-11 11:30:00,21854
2014-10-11 12:00:00,21813
2014-10-11 12:30:00,22250
2014-10-11 13:00:00,21450
2014-10-11 13:30:00,21271
2014-10-11 14:00:00,20595
2014-10-11 14:30:00,20863
2014-10-11 15:00:00,20262
2014-10-11 15:30:00,21024
2014-10-11 16:00:00,19141
2014-10-11 16:30:00,17903
2014-10-11 17:00:00,19903
2014-10-11 17:30:00,22820
2014-10-11 18:00:00,24243
2014-10-11 18:30:00,25880
2014-10-11 19:00:00,26756
2014-10-11 19:30:00,26593
2014-10-11 20:00:00,25248
2014-10-11 20:30:00,23934
2014-10-11 21:00:00,23401
2014-10-11 21:30:00,24145
2014-10-11 22:00:00,25308
2014-10-11 22:30:00,26284
2014-10-11 23:00:00,27136
2014-10-11 23:30:00,27099
2014-10-12 00:00:00,26610
2014-10-12 00:30:00,25400
2014-10-12 01:00:00,23992
2014-10-12 01:30:00,22359
2014-10-12 02:00:00,21054
2014-10-12 02:30:00,18812
2014-10-12 03:00:00,16584
2014-10-12 03:30:00,14204
2014-10-12 04:00:00,11990
2014-10-12 04:30:00,7092
2014-10-12 05:00:00,4311
2014-10-12 05:30:00,3844
2014-10-12 06:00:00,3796
2014-10-12 06:30:00,4755
2014-10-12 07:00:00,4491
2014-10-12 07:30:00,5559
2014-10-12 08:00:00,6959
2014-10-12 08:30:00,9127
2014-10-12 09:00:00,11015
2014-10-12 09:30:00,13961
2014-10-12 10:00:00,15445
2014-10-12 10:30:00,17923
2014-10-12 11:00:00,18438
2014-10-12 11:30:00,19592
2014-10-12 12:00:00,19733
2014-10-12 12:30:00,19766
2014-10-12 13:00:00,19809
2014-10-12 13:30:00,19242
2014-10-12 14:00:00,18990
2014-10-12 14:30:00,18676
2014-10-12 15:00:00,18037
2014-10-12 15:30:00,16660
2014-10-12 16:00:00,15948
2014-10-12 16:30:00,15261
2014-10-12 17:00:00,17141
2014-10-12 17:30:00,19085
2014-10-12 18:00:00,20188
2014-10-12 18:30:00,20512
2014-10-12 19:00:00,20723
2014-10-12 19:30:00,20415
2014-10-12 20:00:00,19483
2014-10-12 20:30:00,19008
2014-10-12 21:00:00,17958
2014-10-12 21:30:00,18341
2014-10-12 22:00:00,18181
2014-10-12 22:30:00,17069
2014-10-12 23:00:00,15057
2014-10-12 23:30:00,13867
2014-10-13 00:00:00,11544
2014-10-13 00:30:00,9016
2014-10-13 01:00:00,6739
2014-10-13 01:30:00,5420
2014-10-13 02:00:00,4584
2014-10-13 02:30:00,3787
2014-10-13 03:00:00,3018
2014-10-13 03:30:00,2667
2014-10-13 04:00:00,2981
2014-10-13 04:30:00,2756
2014-10-13 05:00:00,2712
2014-10-13 05:30:00,3798
2014-10-13 06:00:00,5117
2014-10-13 06:30:00,7727
2014-10-13 07:00:00,9655
2014-10-13 07:30:00,12109
2014-10-13 08:00:00,13484
2014-10-13 08:30:00,15506
2014-10-13 09:00:00,15325
2014-10-13 09:30:00,15924
2014-10-13 10:00:00,14830
2014-10-13 10:30:00,14907
2014-10-13 11:00:00,14796
2014-10-13 11:30:00,15699
2014-10-13 12:00:00,15705
2014-10-13 12:30:00,15880
2014-10-13 13:00:00,15693
2014-10-13 13:30:00,16643
2014-10-13 14:00:00,16929
2014-10-13 14:30:00,17698
2014-10-13 15:00:00,17429
2014-10-13 15:30:00,17248
2014-10-13 16:00:00,16219
2014-10-13 16:30:00,15918
2014-10-13 17:00:00,17780
2014-10-13 17:30:00,19414
2014-10-13 18:00:00,21594
2014-10-13 18:30:00,24915
2014-10-13 19:00:00,24556
2014-10-13 19:30:00,22341
2014-10-13 20:00:00,22343
2014-10-13 20:30:00,21619
2014-10-13 21:00:00,21315
2014-10-13 21:30:00,19821
2014-10-13 22:00:00,17669
2014-10-13 22:30:00,15504
2014-10-13 23:00:00,14525
2014-10-13 23:30:00,10738
2014-10-14 00:00:00,8908
2014-10-14 00:30:00,6593
2014-10-14 01:00:00,5560
2014-10-14 01:30:00,4014
2014-10-14 02:00:00,3046
2014-10-14 02:30:00,2349
2014-10-14 03:00:00,1876
2014-10-14 03:30:00,1691
2014-10-14 04:00:00,1941
2014-10-14 04:30:00,1850
2014-10-14 05:00:00,2318
2014-10-14 05:30:00,4337
2014-10-14 06:00:00,6669
2014-10-14 06:30:00,11585
2014-10-14 07:00:00,15170
2014-10-14 07:30:00,19136
2014-10-14 08:00:00,20085
2014-10-14 08:30:00,19758
2014-10-14 09:00:00,18842
2014-10-14 09:30:00,18530
2014-10-14 10:00:00,16617
2014-10-14 10:30:00,17458
2014-10-14 11:00:00,16359
2014-10-14 11:30:00,17483
2014-10-14 12:00:00,17600
2014-10-14 12:30:00,17552
2014-10-14 13:00:00,17058
2014-10-14 13:30:00,17658
2014-10-14 14:00:00,18319
2014-10-14 14:30:00,18818
2014-10-14 15:00:00,18735
2014-10-14 15:30:00,17254
2014-10-14 16:00:00,15022
2014-10-14 16:30:00,14365
2014-10-14 17:00:00,16300
2014-10-14 17:30:00,19687
2014-10-14 18:00:00,22620
2014-10-14 18:30:00,23309
2014-10-14 19:00:00,23636
2014-10-14 19:30:00,23752
2014-10-14 20:00:00,23095
2014-10-14 20:30:00,23108
2014-10-14 21:00:00,23221
2014-10-14 21:30:00,23581
2014-10-14 22:00:00,22249
2014-10-14 22:30:00,19533
2014-10-14 23:00:00,17226
2014-10-14 23:30:00,13935
2014-10-15 00:00:00,11429
2014-10-15 00:30:00,8486
2014-10-15 01:00:00,6484
2014-10-15 01:30:00,5093
2014-10-15 02:00:00,4018
2014-10-15 02:30:00,3218
2014-10-15 03:00:00,2536
2014-10-15 03:30:00,2219
2014-10-15 04:00:00,2171
2014-10-15 04:30:00,2268
2014-10-15 05:00:00,2437
2014-10-15 05:30:00,4569
2014-10-15 06:00:00,6862
2014-10-15 06:30:00,11924
2014-10-15 07:00:00,15860
2014-10-15 07:30:00,19821
2014-10-15 08:00:00,20508
2014-10-15 08:30:00,20540
2014-10-15 09:00:00,19590
2014-10-15 09:30:00,18480
2014-10-15 10:00:00,17330
2014-10-15 10:30:00,18508
2014-10-15 11:00:00,17354
2014-10-15 11:30:00,18552
2014-10-15 12:00:00,18241
2014-10-15 12:30:00,18475
2014-10-15 13:00:00,17939
2014-10-15 13:30:00,18398
2014-10-15 14:00:00,18875
2014-10-15 14:30:00,19559
2014-10-15 15:00:00,19133
2014-10-15 15:30:00,16816
2014-10-15 16:00:00,14757
2014-10-15 16:30:00,14470
2014-10-15 17:00:00,17800
2014-10-15 17:30:00,21127
2014-10-15 18:00:00,22269
2014-10-15 18:30:00,22819
2014-10-15 19:00:00,23582
2014-10-15 19:30:00,26273
2014-10-15 20:00:00,25338
2014-10-15 20:30:00,24021
2014-10-15 21:00:00,26163
2014-10-15 21:30:00,23839
2014-10-15 22:00:00,22608
2014-10-15 22:30:00,24886
2014-10-15 23:00:00,20128
2014-10-15 23:30:00,16180
2014-10-16 00:00:00,13302
2014-10-16 00:30:00,10509
2014-10-16 01:00:00,8241
2014-10-16 01:30:00,5536
2014-10-16 02:00:00,4664
2014-10-16 02:30:00,3460
2014-10-16 03:00:00,2799
2014-10-16 03:30:00,2730
2014-10-16 04:00:00,2801
2014-10-16 04:30:00,2511
2014-10-16 05:00:00,2670
2014-10-16 05:30:00,4767
2014-10-16 06:00:00,7096
2014-10-16 06:30:00,12556
2014-10-16 07:00:00,16431
2014-10-16 07:30:00,21581
2014-10-16 08:00:00,21355
2014-10-16 08:30:00,21573
2014-10-16 09:00:00,20390
2014-10-16 09:30:00,20452
2014-10-16 10:00:00,19678
2014-10-16 10:30:00,18801
2014-10-16 11:00:00,17223
2014-10-16 11:30:00,18249
2014-10-16 12:00:00,17691
2014-10-16 12:30:00,17052
2014-10-16 13:00:00,16783
2014-10-16 13:30:00,18392
2014-10-16 14:00:00,18593
2014-10-16 14:30:00,19364
2014-10-16 15:00:00,19176
2014-10-16 15:30:00,16795
2014-10-16 16:00:00,15293
2014-10-16 16:30:00,14922
2014-10-16 17:00:00,17899
2014-10-16 17:30:00,21758
2014-10-16 18:00:00,24169
2014-10-16 18:30:00,24615
2014-10-16 19:00:00,26370
2014-10-16 19:30:00,26990
2014-10-16 20:00:00,26168
2014-10-16 20:30:00,25449
2014-10-16 21:00:00,25994
2014-10-16 21:30:00,27115
2014-10-16 22:00:00,26191
2014-10-16 22:30:00,25146
2014-10-16 23:00:00,24371
2014-10-16 23:30:00,23771
2014-10-17 00:00:00,19268
2014-10-17 00:30:00,15623
2014-10-17 01:00:00,12595
2014-10-17 01:30:00,10224
2014-10-17 02:00:00,7941
2014-10-17 02:30:00,6678
2014-10-17 03:00:00,5182
2014-10-17 03:30:00,4502
2014-10-17 04:00:00,4316
2014-10-17 04:30:00,3512
2014-10-17 05:00:00,3174
2014-10-17 05:30:00,4771
2014-10-17 06:00:00,6557
2014-10-17 06:30:00,11929
2014-10-17 07:00:00,14950
2014-10-17 07:30:00,19835
2014-10-17 08:00:00,20149
2014-10-17 08:30:00,19998
2014-10-17 09:00:00,19310
2014-10-17 09:30:00,18601
2014-10-17 10:00:00,17567
2014-10-17 10:30:00,17890
2014-10-17 11:00:00,17470
2014-10-17 11:30:00,18557
2014-10-17 12:00:00,18944
2014-10-17 12:30:00,17922
2014-10-17 13:00:00,17627
2014-10-17 13:30:00,18361
2014-10-17 14:00:00,19557
2014-10-17 14:30:00,19811
2014-10-17 15:00:00,19277
2014-10-17 15:30:00,16741
2014-10-17 16:00:00,14948
2014-10-17 16:30:00,14244
2014-10-17 17:00:00,17563
2014-10-17 17:30:00,21246
2014-10-17 18:00:00,23115
2014-10-17 18:30:00,24785
2014-10-17 19:00:00,26396
2014-10-17 19:30:00,26837
2014-10-17 20:00:00,26621
2014-10-17 20:30:00,26144
2014-10-17 21:00:00,26019
2014-10-17 21:30:00,26816
2014-10-17 22:00:00,26701
2014-10-17 22:30:00,26519
2014-10-17 23:00:00,26740
2014-10-17 23:30:00,26173
2014-10-18 00:00:00,25059
2014-10-18 00:30:00,24437
2014-10-18 01:00:00,22718
2014-10-18 01:30:00,20700
2014-10-18 02:00:00,19623
2014-10-18 02:30:00,16675
2014-10-18 03:00:00,14447
2014-10-18 03:30:00,12377
2014-10-18 04:00:00,10609
2014-10-18 04:30:00,6436
2014-10-18 05:00:00,4562
2014-10-18 05:30:00,3783
2014-10-18 06:00:00,3923
2014-10-18 06:30:00,5060
2014-10-18 07:00:00,5992
2014-10-18 07:30:00,8639
2014-10-18 08:00:00,10309
2014-10-18 08:30:00,13563
2014-10-18 09:00:00,14136
2014-10-18 09:30:00,16945
2014-10-18 10:00:00,17004
2014-10-18 10:30:00,19045
2014-10-18 11:00:00,19859
2014-10-18 11:30:00,21198
2014-10-18 12:00:00,21550
2014-10-18 12:30:00,21583
2014-10-18 13:00:00,21455
2014-10-18 13:30:00,21869
2014-10-18 14:00:00,21426
2014-10-18 14:30:00,21650
2014-10-18 15:00:00,21611
2014-10-18 15:30:00,20904
2014-10-18 16:00:00,18820
2014-10-18 16:30:00,17255
2014-10-18 17:00:00,19029
2014-10-18 17:30:00,22812
2014-10-18 18:00:00,24455
2014-10-18 18:30:00,26373
2014-10-18 19:00:00,27460
2014-10-18 19:30:00,27222
2014-10-18 20:00:00,25204
2014-10-18 20:30:00,24329
2014-10-18 21:00:00,24526
2014-10-18 21:30:00,25203
2014-10-18 22:00:00,25975
2014-10-18 22:30:00,27073
2014-10-18 23:00:00,27881
2014-10-18 23:30:00,28626
2014-10-19 00:00:00,28093
2014-10-19 00:30:00,26200
2014-10-19 01:00:00,25610
2014-10-19 01:30:00,23483
2014-10-19 02:00:00,21850
2014-10-19 02:30:00,19297
2014-10-19 03:00:00,16574
2014-10-19 03:30:00,14355
2014-10-19 04:00:00,12112
2014-10-19 04:30:00,7284
2014-10-19 05:00:00,4845
2014-10-19 05:30:00,3667
2014-10-19 06:00:00,3718
2014-10-19 06:30:00,4573
2014-10-19 07:00:00,5167
2014-10-19 07:30:00,6844
2014-10-19 08:00:00,7279
2014-10-19 08:30:00,9761
2014-10-19 09:00:00,11712
2014-10-19 09:30:00,14210
2014-10-19 10:00:00,15394
2014-10-19 10:30:00,18387
2014-10-19 11:00:00,19168
2014-10-19 11:30:00,20891
2014-10-19 12:00:00,21806
2014-10-19 12:30:00,22188
2014-10-19 13:00:00,22153
2014-10-19 13:30:00,21713
2014-10-19 14:00:00,21838
2014-10-19 14:30:00,21082
2014-10-19 15:00:00,20448
2014-10-19 15:30:00,20113
2014-10-19 16:00:00,18645
2014-10-19 16:30:00,17210
2014-10-19 17:00:00,18326
2014-10-19 17:30:00,20498
2014-10-19 18:00:00,20924
2014-10-19 18:30:00,21579
2014-10-19 19:00:00,22026
2014-10-19 19:30:00,22197
2014-10-19 20:00:00,19709
2014-10-19 20:30:00,18780
2014-10-19 21:00:00,18060
2014-10-19 21:30:00,17973
2014-10-19 22:00:00,16572
2014-10-19 22:30:00,14957
2014-10-19 23:00:00,12461
2014-10-19 23:30:00,10448
2014-10-20 00:00:00,8295
2014-10-20 00:30:00,6837
2014-10-20 01:00:00,4747
2014-10-20 01:30:00,3283
2014-10-20 02:00:00,2904
2014-10-20 02:30:00,2345
2014-10-20 03:00:00,1917
2014-10-20 03:30:00,1783
2014-10-20 04:00:00,2174
2014-10-20 04:30:00,2157
2014-10-20 05:00:00,2989
2014-10-20 05:30:00,4841
2014-10-20 06:00:00,7228
2014-10-20 06:30:00,11726
2014-10-20 07:00:00,14557
2014-10-20 07:30:00,17848
2014-10-20 08:00:00,18436
2014-10-20 08:30:00,18059
2014-10-20 09:00:00,18028
2014-10-20 09:30:00,17353
2014-10-20 10:00:00,16350
2014-10-20 10:30:00,16376
2014-10-20 11:00:00,16099
2014-10-20 11:30:00,16817
2014-10-20 12:00:00,16898
2014-10-20 12:30:00,16809
2014-10-20 13:00:00,16199
2014-10-20 13:30:00,16758
2014-10-20 14:00:00,17679
2014-10-20 14:30:00,18148
2014-10-20 15:00:00,18644
2014-10-20 15:30:00,17183
2014-10-20 16:00:00,16196
2014-10-20 16:30:00,15534
2014-10-20 17:00:00,18451
2014-10-20 17:30:00,20950
2014-10-20 18:00:00,23192
2014-10-20 18:30:00,24655
2014-10-20 19:00:00,24094
2014-10-20 19:30:00,23285
2014-10-20 20:00:00,22083
2014-10-20 20:30:00,21485
2014-10-20 21:00:00,21579
2014-10-20 21:30:00,21118
2014-10-20 22:00:00,20204
2014-10-20 22:30:00,16909
2014-10-20 23:00:00,13785
2014-10-20 23:30:00,11695
2014-10-21 00:00:00,9214
2014-10-21 00:30:00,6931
2014-10-21 01:00:00,5413
2014-10-21 01:30:00,4130
2014-10-21 02:00:00,3276
2014-10-21 02:30:00,2475
2014-10-21 03:00:00,2080
2014-10-21 03:30:00,1917
2014-10-21 04:00:00,2123
2014-10-21 04:30:00,1984
2014-10-21 05:00:00,2458
2014-10-21 05:30:00,4338
2014-10-21 06:00:00,6470
2014-10-21 06:30:00,11775
2014-10-21 07:00:00,15088
2014-10-21 07:30:00,19429
2014-10-21 08:00:00,20482
2014-10-21 08:30:00,19886
2014-10-21 09:00:00,19170
2014-10-21 09:30:00,18277
2014-10-21 10:00:00,17064
2014-10-21 10:30:00,16386
2014-10-21 11:00:00,16633
2014-10-21 11:30:00,17681
2014-10-21 12:00:00,18233
2014-10-21 12:30:00,17996
2014-10-21 13:00:00,16695
2014-10-21 13:30:00,16912
2014-10-21 14:00:00,18124
2014-10-21 14:30:00,18411
2014-10-21 15:00:00,19013
2014-10-21 15:30:00,17590
2014-10-21 16:00:00,15673
2014-10-21 16:30:00,14923
2014-10-21 17:00:00,17981
2014-10-21 17:30:00,21208
2014-10-21 18:00:00,23458
2014-10-21 18:30:00,24028
2014-10-21 19:00:00,24934
2014-10-21 19:30:00,25135
2014-10-21 20:00:00,24613
2014-10-21 20:30:00,24617
2014-10-21 21:00:00,25841
2014-10-21 21:30:00,24141
2014-10-21 22:00:00,23069
2014-10-21 22:30:00,21243
2014-10-21 23:00:00,18077
2014-10-21 23:30:00,15745
2014-10-22 00:00:00,12115
2014-10-22 00:30:00,9035
2014-10-22 01:00:00,7015
2014-10-22 01:30:00,5113
2014-10-22 02:00:00,4220
2014-10-22 02:30:00,3331
2014-10-22 03:00:00,2870
2014-10-22 03:30:00,2516
2014-10-22 04:00:00,2656
2014-10-22 04:30:00,2336
2014-10-22 05:00:00,2494
2014-10-22 05:30:00,5081
2014-10-22 06:00:00,8091
2014-10-22 06:30:00,13037
2014-10-22 07:00:00,16579
2014-10-22 07:30:00,19657
2014-10-22 08:00:00,20914
2014-10-22 08:30:00,20612
2014-10-22 09:00:00,20015
2014-10-22 09:30:00,19001
2014-10-22 10:00:00,17533
2014-10-22 10:30:00,17877
2014-10-22 11:00:00,16470
2014-10-22 11:30:00,18266
2014-10-22 12:00:00,17992
2014-10-22 12:30:00,17419
2014-10-22 13:00:00,16775
2014-10-22 13:30:00,17378
2014-10-22 14:00:00,18067
2014-10-22 14:30:00,19841
2014-10-22 15:00:00,18552
2014-10-22 15:30:00,16825
2014-10-22 16:00:00,14712
2014-10-22 16:30:00,14439
2014-10-22 17:00:00,17305
2014-10-22 17:30:00,20949
2014-10-22 18:00:00,22182
2014-10-22 18:30:00,23886
2014-10-22 19:00:00,25234
2014-10-22 19:30:00,24731
2014-10-22 20:00:00,25195
2014-10-22 20:30:00,25551
2014-10-22 21:00:00,26110
2014-10-22 21:30:00,24842
2014-10-22 22:00:00,23178
2014-10-22 22:30:00,23408
2014-10-22 23:00:00,21749
2014-10-22 23:30:00,17918
2014-10-23 00:00:00,13496
2014-10-23 00:30:00,10416
2014-10-23 01:00:00,8090
2014-10-23 01:30:00,5946
2014-10-23 02:00:00,4330
2014-10-23 02:30:00,3282
2014-10-23 03:00:00,2732
2014-10-23 03:30:00,2524
2014-10-23 04:00:00,2700
2014-10-23 04:30:00,2290
2014-10-23 05:00:00,2743
2014-10-23 05:30:00,4732
2014-10-23 06:00:00,7570
2014-10-23 06:30:00,12751
2014-10-23 07:00:00,16887
2014-10-23 07:30:00,20268
2014-10-23 08:00:00,21992
2014-10-23 08:30:00,21301
2014-10-23 09:00:00,20526
2014-10-23 09:30:00,19251
2014-10-23 10:00:00,18228
2014-10-23 10:30:00,18603
2014-10-23 11:00:00,18762
2014-10-23 11:30:00,19645
2014-10-23 12:00:00,20453
2014-10-23 12:30:00,19400
2014-10-23 13:00:00,18448
2014-10-23 13:30:00,18199
2014-10-23 14:00:00,18845
2014-10-23 14:30:00,18973
2014-10-23 15:00:00,17968
2014-10-23 15:30:00,15112
2014-10-23 16:00:00,13580
2014-10-23 16:30:00,12751
2014-10-23 17:00:00,15901
2014-10-23 17:30:00,19774
2014-10-23 18:00:00,21960
2014-10-23 18:30:00,23790
2014-10-23 19:00:00,24998
2014-10-23 19:30:00,25414
2014-10-23 20:00:00,26075
2014-10-23 20:30:00,25616
2014-10-23 21:00:00,25916
2014-10-23 21:30:00,25589
2014-10-23 22:00:00,25041
2014-10-23 22:30:00,24891
2014-10-23 23:00:00,23888
2014-10-23 23:30:00,22464
2014-10-24 00:00:00,19061
2014-10-24 00:30:00,16689
2014-10-24 01:00:00,13006
2014-10-24 01:30:00,9512
2014-10-24 02:00:00,7745
2014-10-24 02:30:00,6037
2014-10-24 03:00:00,5194
2014-10-24 03:30:00,4419
2014-10-24 04:00:00,4267
2014-10-24 04:30:00,3366
2014-10-24 05:00:00,3096
2014-10-24 05:30:00,4532
2014-10-24 06:00:00,6877
2014-10-24 06:30:00,11826
2014-10-24 07:00:00,15333
2014-10-24 07:30:00,19013
2014-10-24 08:00:00,20131
2014-10-24 08:30:00,19779
2014-10-24 09:00:00,19227
2014-10-24 09:30:00,18824
2014-10-24 10:00:00,17705
2014-10-24 10:30:00,18111
2014-10-24 11:00:00,17408
2014-10-24 11:30:00,18509
2014-10-24 12:00:00,18510
2014-10-24 12:30:00,17910
2014-10-24 13:00:00,17690
2014-10-24 13:30:00,18149
2014-10-24 14:00:00,19632
2014-10-24 14:30:00,19426
2014-10-24 15:00:00,18760
2014-10-24 15:30:00,16379
2014-10-24 16:00:00,15083
2014-10-24 16:30:00,14553
2014-10-24 17:00:00,17509
2014-10-24 17:30:00,20911
2014-10-24 18:00:00,22958
2014-10-24 18:30:00,25257
2014-10-24 19:00:00,26659
2014-10-24 19:30:00,27104
2014-10-24 20:00:00,26439
2014-10-24 20:30:00,25840
2014-10-24 21:00:00,25694
2014-10-24 21:30:00,26093
2014-10-24 22:00:00,26821
2014-10-24 22:30:00,26870
2014-10-24 23:00:00,26889
2014-10-24 23:30:00,27283
2014-10-25 00:00:00,25739
2014-10-25 00:30:00,23889
2014-10-25 01:00:00,22278
2014-10-25 01:30:00,20337
2014-10-25 02:00:00,19179
2014-10-25 02:30:00,16566
2014-10-25 03:00:00,14146
2014-10-25 03:30:00,12015
2014-10-25 04:00:00,10285
2014-10-25 04:30:00,6316
2014-10-25 05:00:00,4106
2014-10-25 05:30:00,3465
2014-10-25 06:00:00,3657
2014-10-25 06:30:00,4756
2014-10-25 07:00:00,6003
2014-10-25 07:30:00,7853
2014-10-25 08:00:00,9091
2014-10-25 08:30:00,12209
2014-10-25 09:00:00,13433
2014-10-25 09:30:00,16768
2014-10-25 10:00:00,16390
2014-10-25 10:30:00,18666
2014-10-25 11:00:00,19740
2014-10-25 11:30:00,21266
2014-10-25 12:00:00,21452
2014-10-25 12:30:00,21613
2014-10-25 13:00:00,21773
2014-10-25 13:30:00,21440
2014-10-25 14:00:00,20362
2014-10-25 14:30:00,20601
2014-10-25 15:00:00,20989
2014-10-25 15:30:00,20210
2014-10-25 16:00:00,18243
2014-10-25 16:30:00,16875
2014-10-25 17:00:00,19078
2014-10-25 17:30:00,22244
2014-10-25 18:00:00,23703
2014-10-25 18:30:00,25544
2014-10-25 19:00:00,27125
2014-10-25 19:30:00,26539
2014-10-25 20:00:00,24964
2014-10-25 20:30:00,23665
2014-10-25 21:00:00,23200
2014-10-25 21:30:00,24238
2014-10-25 22:00:00,25202
2014-10-25 22:30:00,26140
2014-10-25 23:00:00,27417
2014-10-25 23:30:00,27692
2014-10-26 00:00:00,26866
2014-10-26 00:30:00,26254
2014-10-26 01:00:00,24482
2014-10-26 01:30:00,22425
2014-10-26 02:00:00,20865
2014-10-26 02:30:00,18801
2014-10-26 03:00:00,16066
2014-10-26 03:30:00,14093
2014-10-26 04:00:00,11863
2014-10-26 04:30:00,7194
2014-10-26 05:00:00,4661
2014-10-26 05:30:00,3656
2014-10-26 06:00:00,3780
2014-10-26 06:30:00,4116
2014-10-26 07:00:00,4530
2014-10-26 07:30:00,6287
2014-10-26 08:00:00,7318
2014-10-26 08:30:00,9260
2014-10-26 09:00:00,10911
2014-10-26 09:30:00,14136
2014-10-26 10:00:00,15466
2014-10-26 10:30:00,18611
2014-10-26 11:00:00,18437
2014-10-26 11:30:00,20375
2014-10-26 12:00:00,20658
2014-10-26 12:30:00,21283
2014-10-26 13:00:00,20200
2014-10-26 13:30:00,20135
2014-10-26 14:00:00,20306
2014-10-26 14:30:00,20404
2014-10-26 15:00:00,19931
2014-10-26 15:30:00,19772
2014-10-26 16:00:00,18406
2014-10-26 16:30:00,16957
2014-10-26 17:00:00,17972
2014-10-26 17:30:00,19563
2014-10-26 18:00:00,20106
2014-10-26 18:30:00,20449
2014-10-26 19:00:00,19860
2014-10-26 19:30:00,19343
2014-10-26 20:00:00,18128
2014-10-26 20:30:00,17298
2014-10-26 21:00:00,16004
2014-10-26 21:30:00,16422
2014-10-26 22:00:00,14618
2014-10-26 22:30:00,13017
2014-10-26 23:00:00,11532
2014-10-26 23:30:00,10089
2014-10-27 00:00:00,8326
2014-10-27 00:30:00,6579
2014-10-27 01:00:00,4385
2014-10-27 01:30:00,3470
2014-10-27 02:00:00,2854
2014-10-27 02:30:00,2128
2014-10-27 03:00:00,1785
2014-10-27 03:30:00,1707
2014-10-27 04:00:00,2138
2014-10-27 04:30:00,2406
2014-10-27 05:00:00,2847
2014-10-27 05:30:00,4951
2014-10-27 06:00:00,7094
2014-10-27 06:30:00,11090
2014-10-27 07:00:00,14205
2014-10-27 07:30:00,17506
2014-10-27 08:00:00,18105
2014-10-27 08:30:00,17656
2014-10-27 09:00:00,17751
2014-10-27 09:30:00,17096
2014-10-27 10:00:00,15784
2014-10-27 10:30:00,16086
2014-10-27 11:00:00,14843
2014-10-27 11:30:00,16446
2014-10-27 12:00:00,16614
2014-10-27 12:30:00,16155
2014-10-27 13:00:00,15502
2014-10-27 13:30:00,16293
2014-10-27 14:00:00,16885
2014-10-27 14:30:00,17759
2014-10-27 15:00:00,18533
2014-10-27 15:30:00,17617
2014-10-27 16:00:00,16279
2014-10-27 16:30:00,15551
2014-10-27 17:00:00,18199
2014-10-27 17:30:00,20618
2014-10-27 18:00:00,22703
2014-10-27 18:30:00,23897
2014-10-27 19:00:00,24329
2014-10-27 19:30:00,23182
2014-10-27 20:00:00,21778
2014-10-27 20:30:00,21251
2014-10-27 21:00:00,21189
2014-10-27 21:30:00,20884
2014-10-27 22:00:00,19670
2014-10-27 22:30:00,18163
2014-10-27 23:00:00,15613
2014-10-27 23:30:00,13371
2014-10-28 00:00:00,10910
2014-10-28 00:30:00,7638
2014-10-28 01:00:00,5589
2014-10-28 01:30:00,4215
2014-10-28 02:00:00,3386
2014-10-28 02:30:00,2753
2014-10-28 03:00:00,2181
2014-10-28 03:30:00,2034
2014-10-28 04:00:00,2094
2014-10-28 04:30:00,1896
2014-10-28 05:00:00,2632
2014-10-28 05:30:00,4581
2014-10-28 06:00:00,6612
2014-10-28 06:30:00,11609
2014-10-28 07:00:00,15127
2014-10-28 07:30:00,19097
2014-10-28 08:00:00,19516
2014-10-28 08:30:00,19422
2014-10-28 09:00:00,18088
2014-10-28 09:30:00,17669
2014-10-28 10:00:00,16744
2014-10-28 10:30:00,17075
2014-10-28 11:00:00,16035
2014-10-28 11:30:00,17421
2014-10-28 12:00:00,17756
2014-10-28 12:30:00,17057
2014-10-28 13:00:00,16101
2014-10-28 13:30:00,17443
2014-10-28 14:00:00,17890
2014-10-28 14:30:00,18651
2014-10-28 15:00:00,18762
2014-10-28 15:30:00,17135
2014-10-28 16:00:00,15175
2014-10-28 16:30:00,13958
2014-10-28 17:00:00,16881
2014-10-28 17:30:00,19615
2014-10-28 18:00:00,22196
2014-10-28 18:30:00,22906
2014-10-28 19:00:00,23482
2014-10-28 19:30:00,23088
2014-10-28 20:00:00,23728
2014-10-28 20:30:00,23210
2014-10-28 21:00:00,23685
2014-10-28 21:30:00,23843
2014-10-28 22:00:00,22597
2014-10-28 22:30:00,20923
2014-10-28 23:00:00,19229
2014-10-28 23:30:00,15963
2014-10-29 00:00:00,12292
2014-10-29 00:30:00,9190
2014-10-29 01:00:00,6864
2014-10-29 01:30:00,5693
2014-10-29 02:00:00,4499
2014-10-29 02:30:00,3304
2014-10-29 03:00:00,2560
2014-10-29 03:30:00,2485
2014-10-29 04:00:00,2560
2014-10-29 04:30:00,2248
2014-10-29 05:00:00,2389
2014-10-29 05:30:00,4313
2014-10-29 06:00:00,6649
2014-10-29 06:30:00,11289
2014-10-29 07:00:00,15103
2014-10-29 07:30:00,19437
2014-10-29 08:00:00,19443
2014-10-29 08:30:00,19707
2014-10-29 09:00:00,18912
2014-10-29 09:30:00,18203
2014-10-29 10:00:00,16492
2014-10-29 10:30:00,16837
2014-10-29 11:00:00,16075
2014-10-29 11:30:00,17160
2014-10-29 12:00:00,17606
2014-10-29 12:30:00,17267
2014-10-29 13:00:00,16875
2014-10-29 13:30:00,17940
2014-10-29 14:00:00,18339
2014-10-29 14:30:00,18971
2014-10-29 15:00:00,19298
2014-10-29 15:30:00,16665
2014-10-29 16:00:00,15008
2014-10-29 16:30:00,13873
2014-10-29 17:00:00,17894
2014-10-29 17:30:00,21574
2014-10-29 18:00:00,22116
2014-10-29 18:30:00,23582
2014-10-29 19:00:00,25553
2014-10-29 19:30:00,25299
2014-10-29 20:00:00,24778
2014-10-29 20:30:00,24729
2014-10-29 21:00:00,24907
2014-10-29 21:30:00,24810
2014-10-29 22:00:00,24246
2014-10-29 22:30:00,23250
2014-10-29 23:00:00,20700
2014-10-29 23:30:00,18631
2014-10-30 00:00:00,14048
2014-10-30 00:30:00,10691
2014-10-30 01:00:00,8363
2014-10-30 01:30:00,6405
2014-10-30 02:00:00,5251
2014-10-30 02:30:00,3714
2014-10-30 03:00:00,3232
2014-10-30 03:30:00,3057
2014-10-30 04:00:00,3005
2014-10-30 04:30:00,2506
2014-10-30 05:00:00,2821
2014-10-30 05:30:00,5287
2014-10-30 06:00:00,7427
2014-10-30 06:30:00,12248
2014-10-30 07:00:00,15618
2014-10-30 07:30:00,19528
2014-10-30 08:00:00,19813
2014-10-30 08:30:00,19680
2014-10-30 09:00:00,19351
2014-10-30 09:30:00,18967
2014-10-30 10:00:00,17899
2014-10-30 10:30:00,17994
2014-10-30 11:00:00,17167
2014-10-30 11:30:00,18094
2014-10-30 12:00:00,18575
2014-10-30 12:30:00,18022
2014-10-30 13:00:00,17359
2014-10-30 13:30:00,18035
2014-10-30 14:00:00,18733
2014-10-30 14:30:00,19410
2014-10-30 15:00:00,18991
2014-10-30 15:30:00,16749
2014-10-30 16:00:00,14604
2014-10-30 16:30:00,13367
2014-10-30 17:00:00,16382
2014-10-30 17:30:00,19879
2014-10-30 18:00:00,21735
2014-10-30 18:30:00,23802
2014-10-30 19:00:00,24832
2014-10-30 19:30:00,24964
2014-10-30 20:00:00,25791
2014-10-30 20:30:00,25810
2014-10-30 21:00:00,25816
2014-10-30 21:30:00,25849
2014-10-30 22:00:00,24877
2014-10-30 22:30:00,25072
2014-10-30 23:00:00,24763
2014-10-30 23:30:00,22241
2014-10-31 00:00:00,19957
2014-10-31 00:30:00,16881
2014-10-31 01:00:00,13588
2014-10-31 01:30:00,10958
2014-10-31 02:00:00,9119
2014-10-31 02:30:00,7589
2014-10-31 03:00:00,6221
2014-10-31 03:30:00,4936
2014-10-31 04:00:00,4796
2014-10-31 04:30:00,3555
2014-10-31 05:00:00,3337
2014-10-31 05:30:00,4665
2014-10-31 06:00:00,7084
2014-10-31 06:30:00,11681
2014-10-31 07:00:00,14822
2014-10-31 07:30:00,19004
2014-10-31 08:00:00,20306
2014-10-31 08:30:00,20687
2014-10-31 09:00:00,19585
2014-10-31 09:30:00,18702
2014-10-31 10:00:00,18099
2014-10-31 10:30:00,18335
2014-10-31 11:00:00,17653
2014-10-31 11:30:00,18889
2014-10-31 12:00:00,19146
2014-10-31 12:30:00,18833
2014-10-31 13:00:00,18315
2014-10-31 13:30:00,18917
2014-10-31 14:00:00,20430
2014-10-31 14:30:00,20608
2014-10-31 15:00:00,19915
2014-10-31 15:30:00,16981
2014-10-31 16:00:00,15045
2014-10-31 16:30:00,13978
2014-10-31 17:00:00,16891
2014-10-31 17:30:00,20025
2014-10-31 18:00:00,21438
2014-10-31 18:30:00,23813
2014-10-31 19:00:00,25517
2014-10-31 19:30:00,25493
2014-10-31 20:00:00,25475
2014-10-31 20:30:00,26996
2014-10-31 21:00:00,27015
2014-10-31 21:30:00,27264
2014-10-31 22:00:00,26977
2014-10-31 22:30:00,26343
2014-10-31 23:00:00,26333
2014-10-31 23:30:00,26524
2014-11-01 00:00:00,25425
2014-11-01 00:30:00,24937
2014-11-01 01:00:00,24946
2014-11-01 01:30:00,23736
2014-11-01 02:00:00,23245
2014-11-01 02:30:00,21459
2014-11-01 03:00:00,19849
2014-11-01 03:30:00,17679
2014-11-01 04:00:00,15018
2014-11-01 04:30:00,10600
2014-11-01 05:00:00,7758
2014-11-01 05:30:00,5907
2014-11-01 06:00:00,5743
2014-11-01 06:30:00,6223
2014-11-01 07:00:00,6386
2014-11-01 07:30:00,9098
2014-11-01 08:00:00,9864
2014-11-01 08:30:00,12903
2014-11-01 09:00:00,14185
2014-11-01 09:30:00,18584
2014-11-01 10:00:00,19066
2014-11-01 10:30:00,22683
2014-11-01 11:00:00,23292
2014-11-01 11:30:00,24154
2014-11-01 12:00:00,25310
2014-11-01 12:30:00,26625
2014-11-01 13:00:00,25584
2014-11-01 13:30:00,25115
2014-11-01 14:00:00,23935
2014-11-01 14:30:00,23341
2014-11-01 15:00:00,23337
2014-11-01 15:30:00,22199
2014-11-01 16:00:00,20008
2014-11-01 16:30:00,18443
2014-11-01 17:00:00,20865
2014-11-01 17:30:00,23719
2014-11-01 18:00:00,25241
2014-11-01 18:30:00,27383
2014-11-01 19:00:00,28398
2014-11-01 19:30:00,27426
2014-11-01 20:00:00,26537
2014-11-01 20:30:00,25980
2014-11-01 21:00:00,24601
2014-11-01 21:30:00,24838
2014-11-01 22:00:00,26372
2014-11-01 22:30:00,26567
2014-11-01 23:00:00,25879
2014-11-01 23:30:00,26125
2014-11-02 00:00:00,25110
2014-11-02 00:30:00,23109
2014-11-02 01:00:00,39197
2014-11-02 01:30:00,35212
2014-11-02 02:00:00,13259
2014-11-02 02:30:00,12250
2014-11-02 03:00:00,10013
2014-11-02 03:30:00,7898
2014-11-02 04:00:00,6375
2014-11-02 04:30:00,4532
2014-11-02 05:00:00,5116
2014-11-02 05:30:00,5232
2014-11-02 06:00:00,4542
2014-11-02 06:30:00,5298
2014-11-02 07:00:00,5155
2014-11-02 07:30:00,6029
2014-11-02 08:00:00,6280
2014-11-02 08:30:00,8771
2014-11-02 09:00:00,10151
2014-11-02 09:30:00,12501
2014-11-02 10:00:00,13990
2014-11-02 10:30:00,16534
2014-11-02 11:00:00,17133
2014-11-02 11:30:00,18775
2014-11-02 12:00:00,18985
2014-11-02 12:30:00,19911
2014-11-02 13:00:00,19123
2014-11-02 13:30:00,19524
2014-11-02 14:00:00,19640
2014-11-02 14:30:00,18364
2014-11-02 15:00:00,17940
2014-11-02 15:30:00,17949
2014-11-02 16:00:00,17288
2014-11-02 16:30:00,16326
2014-11-02 17:00:00,17522
2014-11-02 17:30:00,19243
2014-11-02 18:00:00,20291
2014-11-02 18:30:00,21649
2014-11-02 19:00:00,22839
2014-11-02 19:30:00,21772
2014-11-02 20:00:00,20994
2014-11-02 20:30:00,19774
2014-11-02 21:00:00,18398
2014-11-02 21:30:00,17764
2014-11-02 22:00:00,17334
2014-11-02 22:30:00,15431
2014-11-02 23:00:00,12958
2014-11-02 23:30:00,10224
2014-11-03 00:00:00,8771
2014-11-03 00:30:00,6045
2014-11-03 01:00:00,4413
2014-11-03 01:30:00,3235
2014-11-03 02:00:00,2688
2014-11-03 02:30:00,1983
2014-11-03 03:00:00,1756
2014-11-03 03:30:00,1683
2014-11-03 04:00:00,2140
2014-11-03 04:30:00,2288
2014-11-03 05:00:00,2948
2014-11-03 05:30:00,4813
2014-11-03 06:00:00,8044
2014-11-03 06:30:00,12885
2014-11-03 07:00:00,14627
2014-11-03 07:30:00,18111
2014-11-03 08:00:00,18266
2014-11-03 08:30:00,18384
2014-11-03 09:00:00,18104
2014-11-03 09:30:00,17357
2014-11-03 10:00:00,16008
2014-11-03 10:30:00,16379
2014-11-03 11:00:00,15351
2014-11-03 11:30:00,16770
2014-11-03 12:00:00,16711
2014-11-03 12:30:00,17011
2014-11-03 13:00:00,16373
2014-11-03 13:30:00,17097
2014-11-03 14:00:00,17364
2014-11-03 14:30:00,18333
2014-11-03 15:00:00,18428
2014-11-03 15:30:00,16974
2014-11-03 16:00:00,16139
2014-11-03 16:30:00,15205
2014-11-03 17:00:00,17392
2014-11-03 17:30:00,20141
2014-11-03 18:00:00,22581
2014-11-03 18:30:00,23098
2014-11-03 19:00:00,23154
2014-11-03 19:30:00,22688
2014-11-03 20:00:00,22047
2014-11-03 20:30:00,21283
2014-11-03 21:00:00,21070
2014-11-03 21:30:00,19910
2014-11-03 22:00:00,20541
2014-11-03 22:30:00,18105
2014-11-03 23:00:00,14554
2014-11-03 23:30:00,12695
2014-11-04 00:00:00,10667
2014-11-04 00:30:00,8479
2014-11-04 01:00:00,6005
2014-11-04 01:30:00,3899
2014-11-04 02:00:00,3111
2014-11-04 02:30:00,2526
2014-11-04 03:00:00,2112
2014-11-04 03:30:00,1885
2014-11-04 04:00:00,1921
2014-11-04 04:30:00,2267
2014-11-04 05:00:00,2413
2014-11-04 05:30:00,4413
2014-11-04 06:00:00,7168
2014-11-04 06:30:00,12160
2014-11-04 07:00:00,14845
2014-11-04 07:30:00,18403
2014-11-04 08:00:00,18445
2014-11-04 08:30:00,19018
2014-11-04 09:00:00,18105
2014-11-04 09:30:00,17459
2014-11-04 10:00:00,16381
2014-11-04 10:30:00,16623
2014-11-04 11:00:00,16144
2014-11-04 11:30:00,17318
2014-11-04 12:00:00,17658
2014-11-04 12:30:00,17108
2014-11-04 13:00:00,16178
2014-11-04 13:30:00,17973
2014-11-04 14:00:00,18152
2014-11-04 14:30:00,18445
2014-11-04 15:00:00,18556
2014-11-04 15:30:00,16865
2014-11-04 16:00:00,14505
2014-11-04 16:30:00,13471
2014-11-04 17:00:00,15853
2014-11-04 17:30:00,18369
2014-11-04 18:00:00,20968
2014-11-04 18:30:00,22239
2014-11-04 19:00:00,22626
2014-11-04 19:30:00,22924
2014-11-04 20:00:00,22853
2014-11-04 20:30:00,22393
2014-11-04 21:00:00,23088
2014-11-04 21:30:00,22431
2014-11-04 22:00:00,22239
2014-11-04 22:30:00,19918
2014-11-04 23:00:00,17675
2014-11-04 23:30:00,14953
2014-11-05 00:00:00,12025
2014-11-05 00:30:00,8767
2014-11-05 01:00:00,6670
2014-11-05 01:30:00,5197
2014-11-05 02:00:00,4289
2014-11-05 02:30:00,3186
2014-11-05 03:00:00,2747
2014-11-05 03:30:00,2257
2014-11-05 04:00:00,2397
2014-11-05 04:30:00,2205
2014-11-05 05:00:00,2625
2014-11-05 05:30:00,4404
2014-11-05 06:00:00,7007
2014-11-05 06:30:00,12065
2014-11-05 07:00:00,15803
2014-11-05 07:30:00,19844
2014-11-05 08:00:00,19937
2014-11-05 08:30:00,20299
2014-11-05 09:00:00,19584
2014-11-05 09:30:00,19313
2014-11-05 10:00:00,16887
2014-11-05 10:30:00,17118
2014-11-05 11:00:00,16847
2014-11-05 11:30:00,18356
2014-11-05 12:00:00,18124
2014-11-05 12:30:00,17783
2014-11-05 13:00:00,17223
2014-11-05 13:30:00,17852
2014-11-05 14:00:00,18374
2014-11-05 14:30:00,18641
2014-11-05 15:00:00,18913
2014-11-05 15:30:00,16314
2014-11-05 16:00:00,13917
2014-11-05 16:30:00,13151
2014-11-05 17:00:00,16100
2014-11-05 17:30:00,19136
2014-11-05 18:00:00,21762
2014-11-05 18:30:00,22829
2014-11-05 19:00:00,23705
2014-11-05 19:30:00,23740
2014-11-05 20:00:00,23789
2014-11-05 20:30:00,23389
2014-11-05 21:00:00,24122
2014-11-05 21:30:00,24156
2014-11-05 22:00:00,23679
2014-11-05 22:30:00,22803
2014-11-05 23:00:00,20814
2014-11-05 23:30:00,17376
2014-11-06 00:00:00,13846
2014-11-06 00:30:00,10387
2014-11-06 01:00:00,8384
2014-11-06 01:30:00,6455
2014-11-06 02:00:00,5043
2014-11-06 02:30:00,3738
2014-11-06 03:00:00,3155
2014-11-06 03:30:00,2758
2014-11-06 04:00:00,3122
2014-11-06 04:30:00,2625
2014-11-06 05:00:00,2760
2014-11-06 05:30:00,4995
2014-11-06 06:00:00,8021
2014-11-06 06:30:00,13803
2014-11-06 07:00:00,17405
2014-11-06 07:30:00,20841
2014-11-06 08:00:00,21338
2014-11-06 08:30:00,21281
2014-11-06 09:00:00,20108
2014-11-06 09:30:00,20198
2014-11-06 10:00:00,19035
2014-11-06 10:30:00,19155
2014-11-06 11:00:00,17964
2014-11-06 11:30:00,18680
2014-11-06 12:00:00,18600
2014-11-06 12:30:00,17556
2014-11-06 13:00:00,17373
2014-11-06 13:30:00,17832
2014-11-06 14:00:00,18087
2014-11-06 14:30:00,18057
2014-11-06 15:00:00,17634
2014-11-06 15:30:00,15492
2014-11-06 16:00:00,13677
2014-11-06 16:30:00,12574
2014-11-06 17:00:00,15818
2014-11-06 17:30:00,19350
2014-11-06 18:00:00,21754
2014-11-06 18:30:00,23740
2014-11-06 19:00:00,24666
2014-11-06 19:30:00,25142
2014-11-06 20:00:00,25597
2014-11-06 20:30:00,25126
2014-11-06 21:00:00,25312
2014-11-06 21:30:00,26067
2014-11-06 22:00:00,25613
2014-11-06 22:30:00,23971
2014-11-06 23:00:00,22859
2014-11-06 23:30:00,21287
2014-11-07 00:00:00,18308
2014-11-07 00:30:00,14352
2014-11-07 01:00:00,11746
2014-11-07 01:30:00,9042
2014-11-07 02:00:00,7318
2014-11-07 02:30:00,6009
2014-11-07 03:00:00,5364
2014-11-07 03:30:00,4336
2014-11-07 04:00:00,4008
2014-11-07 04:30:00,3263
2014-11-07 05:00:00,3183
2014-11-07 05:30:00,4813
2014-11-07 06:00:00,7519
2014-11-07 06:30:00,12074
2014-11-07 07:00:00,15249
2014-11-07 07:30:00,19300
2014-11-07 08:00:00,19564
2014-11-07 08:30:00,19132
2014-11-07 09:00:00,18454
2014-11-07 09:30:00,17950
2014-11-07 10:00:00,17374
2014-11-07 10:30:00,17674
2014-11-07 11:00:00,17016
2014-11-07 11:30:00,18484
2014-11-07 12:00:00,18460
2014-11-07 12:30:00,17693
2014-11-07 13:00:00,18093
2014-11-07 13:30:00,19918
2014-11-07 14:00:00,19945
2014-11-07 14:30:00,19077
2014-11-07 15:00:00,18186
2014-11-07 15:30:00,16030
2014-11-07 16:00:00,14092
2014-11-07 16:30:00,13270
2014-11-07 17:00:00,15935
2014-11-07 17:30:00,19419
2014-11-07 18:00:00,21778
2014-11-07 18:30:00,24460
2014-11-07 19:00:00,26246
2014-11-07 19:30:00,27224
2014-11-07 20:00:00,26862
2014-11-07 20:30:00,27340
2014-11-07 21:00:00,27335
2014-11-07 21:30:00,26727
2014-11-07 22:00:00,27181
2014-11-07 22:30:00,27761
2014-11-07 23:00:00,27193
2014-11-07 23:30:00,26857
2014-11-08 00:00:00,25692
2014-11-08 00:30:00,24162
2014-11-08 01:00:00,22219
2014-11-08 01:30:00,20748
2014-11-08 02:00:00,19471
2014-11-08 02:30:00,16940
2014-11-08 03:00:00,14431
2014-11-08 03:30:00,11898
2014-11-08 04:00:00,10264
2014-11-08 04:30:00,5942
2014-11-08 05:00:00,4063
2014-11-08 05:30:00,3498
2014-11-08 06:00:00,3726
2014-11-08 06:30:00,5242
2014-11-08 07:00:00,5655
2014-11-08 07:30:00,8191
2014-11-08 08:00:00,9371
2014-11-08 08:30:00,13050
2014-11-08 09:00:00,13820
2014-11-08 09:30:00,17437
2014-11-08 10:00:00,17281
2014-11-08 10:30:00,19718
2014-11-08 11:00:00,19999
2014-11-08 11:30:00,22047
2014-11-08 12:00:00,22352
2014-11-08 12:30:00,22898
2014-11-08 13:00:00,22660
2014-11-08 13:30:00,23047
2014-11-08 14:00:00,21976
2014-11-08 14:30:00,22746
2014-11-08 15:00:00,22382
2014-11-08 15:30:00,21956
2014-11-08 16:00:00,18619
2014-11-08 16:30:00,15861
2014-11-08 17:00:00,18326
2014-11-08 17:30:00,22332
2014-11-08 18:00:00,25097
2014-11-08 18:30:00,27236
2014-11-08 19:00:00,27898
2014-11-08 19:30:00,26790
2014-11-08 20:00:00,25561
2014-11-08 20:30:00,24344
2014-11-08 21:00:00,23890
2014-11-08 21:30:00,24609
2014-11-08 22:00:00,26595
2014-11-08 22:30:00,27260
2014-11-08 23:00:00,27998
2014-11-08 23:30:00,27854
2014-11-09 00:00:00,26931
2014-11-09 00:30:00,25208
2014-11-09 01:00:00,23782
2014-11-09 01:30:00,22472
2014-11-09 02:00:00,21183
2014-11-09 02:30:00,18443
2014-11-09 03:00:00,16105
2014-11-09 03:30:00,13801
2014-11-09 04:00:00,11997
2014-11-09 04:30:00,7112
2014-11-09 05:00:00,4627
2014-11-09 05:30:00,3683
2014-11-09 06:00:00,3587
2014-11-09 06:30:00,4158
2014-11-09 07:00:00,4351
2014-11-09 07:30:00,5823
2014-11-09 08:00:00,6850
2014-11-09 08:30:00,9839
2014-11-09 09:00:00,11422
2014-11-09 09:30:00,14897
2014-11-09 10:00:00,15815
2014-11-09 10:30:00,18787
2014-11-09 11:00:00,18880
2014-11-09 11:30:00,19871
2014-11-09 12:00:00,20722
2014-11-09 12:30:00,21774
2014-11-09 13:00:00,21318
2014-11-09 13:30:00,20699
2014-11-09 14:00:00,20831
2014-11-09 14:30:00,20467
2014-11-09 15:00:00,20249
2014-11-09 15:30:00,20100
2014-11-09 16:00:00,18688
2014-11-09 16:30:00,17249
2014-11-09 17:00:00,18573
2014-11-09 17:30:00,19937
2014-11-09 18:00:00,20564
2014-11-09 18:30:00,20132
2014-11-09 19:00:00,19654
2014-11-09 19:30:00,18449
2014-11-09 20:00:00,17176
2014-11-09 20:30:00,17596
2014-11-09 21:00:00,16431
2014-11-09 21:30:00,15860
2014-11-09 22:00:00,15253
2014-11-09 22:30:00,13845
2014-11-09 23:00:00,11656
2014-11-09 23:30:00,9818
2014-11-10 00:00:00,7870
2014-11-10 00:30:00,6079
2014-11-10 01:00:00,4644
2014-11-10 01:30:00,3501
2014-11-10 02:00:00,2989
2014-11-10 02:30:00,2247
2014-11-10 03:00:00,1853
2014-11-10 03:30:00,1791
2014-11-10 04:00:00,2189
2014-11-10 04:30:00,2328
2014-11-10 05:00:00,2827
2014-11-10 05:30:00,4738
2014-11-10 06:00:00,6803
2014-11-10 06:30:00,11738
2014-11-10 07:00:00,14296
2014-11-10 07:30:00,17240
2014-11-10 08:00:00,17657
2014-11-10 08:30:00,17904
2014-11-10 09:00:00,17705
2014-11-10 09:30:00,16814
2014-11-10 10:00:00,15908
2014-11-10 10:30:00,15545
2014-11-10 11:00:00,15119
2014-11-10 11:30:00,16241
2014-11-10 12:00:00,16354
2014-11-10 12:30:00,16002
2014-11-10 13:00:00,15560
2014-11-10 13:30:00,16855
2014-11-10 14:00:00,17292
2014-11-10 14:30:00,17780
2014-11-10 15:00:00,18467
2014-11-10 15:30:00,17048
2014-11-10 16:00:00,15386
2014-11-10 16:30:00,15329
2014-11-10 17:00:00,17444
2014-11-10 17:30:00,19765
2014-11-10 18:00:00,22418
2014-11-10 18:30:00,22794
2014-11-10 19:00:00,23094
2014-11-10 19:30:00,22197
2014-11-10 20:00:00,21796
2014-11-10 20:30:00,20849
2014-11-10 21:00:00,21169
2014-11-10 21:30:00,20613
2014-11-10 22:00:00,20734
2014-11-10 22:30:00,17540
2014-11-10 23:00:00,15189
2014-11-10 23:30:00,12879
2014-11-11 00:00:00,10511
2014-11-11 00:30:00,7509
2014-11-11 01:00:00,6277
2014-11-11 01:30:00,4622
2014-11-11 02:00:00,3785
2014-11-11 02:30:00,2970
2014-11-11 03:00:00,2332
2014-11-11 03:30:00,2166
2014-11-11 04:00:00,2179
2014-11-11 04:30:00,2040
2014-11-11 05:00:00,2278
2014-11-11 05:30:00,3860
2014-11-11 06:00:00,5517
2014-11-11 06:30:00,9569
2014-11-11 07:00:00,12272
2014-11-11 07:30:00,16460
2014-11-11 08:00:00,16976
2014-11-11 08:30:00,17823
2014-11-11 09:00:00,17655
2014-11-11 09:30:00,16946
2014-11-11 10:00:00,15846
2014-11-11 10:30:00,15835
2014-11-11 11:00:00,15442
2014-11-11 11:30:00,16069
2014-11-11 12:00:00,15966
2014-11-11 12:30:00,15584
2014-11-11 13:00:00,15384
2014-11-11 13:30:00,15909
2014-11-11 14:00:00,16140
2014-11-11 14:30:00,16337
2014-11-11 15:00:00,16381
2014-11-11 15:30:00,15196
2014-11-11 16:00:00,13003
2014-11-11 16:30:00,12213
2014-11-11 17:00:00,15103
2014-11-11 17:30:00,18301
2014-11-11 18:00:00,20626
2014-11-11 18:30:00,22533
2014-11-11 19:00:00,22905
2014-11-11 19:30:00,22181
2014-11-11 20:00:00,21899
2014-11-11 20:30:00,21789
2014-11-11 21:00:00,22253
2014-11-11 21:30:00,22515
2014-11-11 22:00:00,21410
2014-11-11 22:30:00,19812
2014-11-11 23:00:00,17135
2014-11-11 23:30:00,13567
2014-11-12 00:00:00,10829
2014-11-12 00:30:00,7850
2014-11-12 01:00:00,6572
2014-11-12 01:30:00,4748
2014-11-12 02:00:00,3777
2014-11-12 02:30:00,3255
2014-11-12 03:00:00,2415
2014-11-12 03:30:00,2279
2014-11-12 04:00:00,2353
2014-11-12 04:30:00,2142
2014-11-12 05:00:00,2540
2014-11-12 05:30:00,4177
2014-11-12 06:00:00,6843
2014-11-12 06:30:00,11818
2014-11-12 07:00:00,15665
2014-11-12 07:30:00,19785
2014-11-12 08:00:00,19813
2014-11-12 08:30:00,19623
2014-11-12 09:00:00,18444
2014-11-12 09:30:00,17937
2014-11-12 10:00:00,16552
2014-11-12 10:30:00,17394
2014-11-12 11:00:00,16960
2014-11-12 11:30:00,18105
2014-11-12 12:00:00,17724
2014-11-12 12:30:00,16327
2014-11-12 13:00:00,16527
2014-11-12 13:30:00,17290
2014-11-12 14:00:00,18042
2014-11-12 14:30:00,18250
2014-11-12 15:00:00,17656
2014-11-12 15:30:00,16288
2014-11-12 16:00:00,13992
2014-11-12 16:30:00,12912
2014-11-12 17:00:00,16032
2014-11-12 17:30:00,18814
2014-11-12 18:00:00,21296
2014-11-12 18:30:00,23115
2014-11-12 19:00:00,23859
2014-11-12 19:30:00,24749
2014-11-12 20:00:00,23879
2014-11-12 20:30:00,23815
2014-11-12 21:00:00,24595
2014-11-12 21:30:00,24494
2014-11-12 22:00:00,24213
2014-11-12 22:30:00,22931
2014-11-12 23:00:00,20785
2014-11-12 23:30:00,17464
2014-11-13 00:00:00,13303
2014-11-13 00:30:00,10350
2014-11-13 01:00:00,7850
2014-11-13 01:30:00,5961
2014-11-13 02:00:00,5051
2014-11-13 02:30:00,3833
2014-11-13 03:00:00,3006
2014-11-13 03:30:00,2515
2014-11-13 04:00:00,2816
2014-11-13 04:30:00,2248
2014-11-13 05:00:00,2621
2014-11-13 05:30:00,4392
2014-11-13 06:00:00,7062
2014-11-13 06:30:00,12333
2014-11-13 07:00:00,15661
2014-11-13 07:30:00,19597
2014-11-13 08:00:00,20200
2014-11-13 08:30:00,19843
2014-11-13 09:00:00,19031
2014-11-13 09:30:00,18253
2014-11-13 10:00:00,17244
2014-11-13 10:30:00,17402
2014-11-13 11:00:00,17286
2014-11-13 11:30:00,18936
2014-11-13 12:00:00,18516
2014-11-13 12:30:00,17635
2014-11-13 13:00:00,17343
2014-11-13 13:30:00,19090
2014-11-13 14:00:00,19197
2014-11-13 14:30:00,19207
2014-11-13 15:00:00,18412
2014-11-13 15:30:00,16391
2014-11-13 16:00:00,13472
2014-11-13 16:30:00,12807
2014-11-13 17:00:00,16097
2014-11-13 17:30:00,19322
2014-11-13 18:00:00,21645
2014-11-13 18:30:00,22745
2014-11-13 19:00:00,24219
2014-11-13 19:30:00,25443
2014-11-13 20:00:00,25695
2014-11-13 20:30:00,25994
2014-11-13 21:00:00,26424
2014-11-13 21:30:00,25450
2014-11-13 22:00:00,24621
2014-11-13 22:30:00,23727
2014-11-13 23:00:00,22503
2014-11-13 23:30:00,20709
2014-11-14 00:00:00,17932
2014-11-14 00:30:00,14668
2014-11-14 01:00:00,11986
2014-11-14 01:30:00,9213
2014-11-14 02:00:00,7202
2014-11-14 02:30:00,5552
2014-11-14 03:00:00,5023
2014-11-14 03:30:00,3900
2014-11-14 04:00:00,4039
2014-11-14 04:30:00,2987
2014-11-14 05:00:00,3090
2014-11-14 05:30:00,4737
2014-11-14 06:00:00,7102
2014-11-14 06:30:00,12268
2014-11-14 07:00:00,15903
2014-11-14 07:30:00,20015
2014-11-14 08:00:00,20432
2014-11-14 08:30:00,20735
2014-11-14 09:00:00,19149
2014-11-14 09:30:00,18665
2014-11-14 10:00:00,17992
2014-11-14 10:30:00,17773
2014-11-14 11:00:00,17786
2014-11-14 11:30:00,18128
2014-11-14 12:00:00,18355
2014-11-14 12:30:00,17629
2014-11-14 13:00:00,17104
2014-11-14 13:30:00,18151
2014-11-14 14:00:00,18892
2014-11-14 14:30:00,19540
2014-11-14 15:00:00,18557
2014-11-14 15:30:00,16263
2014-11-14 16:00:00,14668
2014-11-14 16:30:00,13473
2014-11-14 17:00:00,16747
2014-11-14 17:30:00,20594
2014-11-14 18:00:00,23151
2014-11-14 18:30:00,25446
2014-11-14 19:00:00,27196
2014-11-14 19:30:00,26881
2014-11-14 20:00:00,25994
2014-11-14 20:30:00,25879
2014-11-14 21:00:00,26301
2014-11-14 21:30:00,27136
2014-11-14 22:00:00,26940
2014-11-14 22:30:00,26834
2014-11-14 23:00:00,26960
2014-11-14 23:30:00,26107
2014-11-15 00:00:00,25034
2014-11-15 00:30:00,24103
2014-11-15 01:00:00,22682
2014-11-15 01:30:00,20630
2014-11-15 02:00:00,19226
2014-11-15 02:30:00,16555
2014-11-15 03:00:00,14088
2014-11-15 03:30:00,12491
2014-11-15 04:00:00,10208
2014-11-15 04:30:00,5853
2014-11-15 05:00:00,4019
2014-11-15 05:30:00,3477
2014-11-15 06:00:00,3582
2014-11-15 06:30:00,4936
2014-11-15 07:00:00,5272
2014-11-15 07:30:00,7427
2014-11-15 08:00:00,8646
2014-11-15 08:30:00,12313
2014-11-15 09:00:00,13426
2014-11-15 09:30:00,17040
2014-11-15 10:00:00,16811
2014-11-15 10:30:00,19069
2014-11-15 11:00:00,19423
2014-11-15 11:30:00,21552
2014-11-15 12:00:00,21685
2014-11-15 12:30:00,22380
2014-11-15 13:00:00,21954
2014-11-15 13:30:00,21926
2014-11-15 14:00:00,21851
2014-11-15 14:30:00,22014
2014-11-15 15:00:00,22075
2014-11-15 15:30:00,20936
2014-11-15 16:00:00,18358
2014-11-15 16:30:00,15289
2014-11-15 17:00:00,17742
2014-11-15 17:30:00,21769
2014-11-15 18:00:00,24058
2014-11-15 18:30:00,26029
2014-11-15 19:00:00,27266
2014-11-15 19:30:00,26817
2014-11-15 20:00:00,25049
2014-11-15 20:30:00,23713
2014-11-15 21:00:00,23324
2014-11-15 21:30:00,23970
2014-11-15 22:00:00,26325
2014-11-15 22:30:00,26139
2014-11-15 23:00:00,27312
2014-11-15 23:30:00,28114
2014-11-16 00:00:00,26651
2014-11-16 00:30:00,25212
2014-11-16 01:00:00,24273
2014-11-16 01:30:00,22665
2014-11-16 02:00:00,21069
2014-11-16 02:30:00,18803
2014-11-16 03:00:00,16590
2014-11-16 03:30:00,14414
2014-11-16 04:00:00,12228
2014-11-16 04:30:00,7230
2014-11-16 05:00:00,4624
2014-11-16 05:30:00,3594
2014-11-16 06:00:00,3332
2014-11-16 06:30:00,4083
2014-11-16 07:00:00,4416
2014-11-16 07:30:00,5214
2014-11-16 08:00:00,6429
2014-11-16 08:30:00,8898
2014-11-16 09:00:00,10911
2014-11-16 09:30:00,13475
2014-11-16 10:00:00,15157
2014-11-16 10:30:00,18595
2014-11-16 11:00:00,19233
2014-11-16 11:30:00,20372
2014-11-16 12:00:00,21847
2014-11-16 12:30:00,21695
2014-11-16 13:00:00,21880
2014-11-16 13:30:00,21047
2014-11-16 14:00:00,21107
2014-11-16 14:30:00,20602
2014-11-16 15:00:00,19817
2014-11-16 15:30:00,19310
2014-11-16 16:00:00,18479
2014-11-16 16:30:00,16296
2014-11-16 17:00:00,17751
2014-11-16 17:30:00,19230
2014-11-16 18:00:00,19883
2014-11-16 18:30:00,19768
2014-11-16 19:00:00,18931
2014-11-16 19:30:00,17936
2014-11-16 20:00:00,16360
2014-11-16 20:30:00,16885
2014-11-16 21:00:00,16000
2014-11-16 21:30:00,14902
2014-11-16 22:00:00,13707
2014-11-16 22:30:00,13406
2014-11-16 23:00:00,12021
2014-11-16 23:30:00,11115
2014-11-17 00:00:00,8317
2014-11-17 00:30:00,5887
2014-11-17 01:00:00,4464
2014-11-17 01:30:00,3425
2014-11-17 02:00:00,2961
2014-11-17 02:30:00,2328
2014-11-17 03:00:00,2020
2014-11-17 03:30:00,1764
2014-11-17 04:00:00,2139
2014-11-17 04:30:00,2296
2014-11-17 05:00:00,2960
2014-11-17 05:30:00,5121
2014-11-17 06:00:00,7871
2014-11-17 06:30:00,11902
2014-11-17 07:00:00,14583
2014-11-17 07:30:00,17190
2014-11-17 08:00:00,18725
2014-11-17 08:30:00,18822
2014-11-17 09:00:00,17992
2014-11-17 09:30:00,17210
2014-11-17 10:00:00,15940
2014-11-17 10:30:00,17094
2014-11-17 11:00:00,15247
2014-11-17 11:30:00,16676
2014-11-17 12:00:00,16895
2014-11-17 12:30:00,17205
2014-11-17 13:00:00,17634
2014-11-17 13:30:00,18189
2014-11-17 14:00:00,19319
2014-11-17 14:30:00,18757
2014-11-17 15:00:00,17239
2014-11-17 15:30:00,14885
2014-11-17 16:00:00,13577
2014-11-17 16:30:00,13513
2014-11-17 17:00:00,15864
2014-11-17 17:30:00,18502
2014-11-17 18:00:00,20313
2014-11-17 18:30:00,20674
2014-11-17 19:00:00,21079
2014-11-17 19:30:00,21433
2014-11-17 20:00:00,20590
2014-11-17 20:30:00,19515
2014-11-17 21:00:00,20194
2014-11-17 21:30:00,19251
2014-11-17 22:00:00,18436
2014-11-17 22:30:00,16099
2014-11-17 23:00:00,14985
2014-11-17 23:30:00,11612
2014-11-18 00:00:00,9828
